Model,AUC,PR-AUC,Recall,Precision,F1
Logistic-Baseline,0.9720881652464024,0.718934567134695,0.9183673469387755,0.061016949152542375,0.11443102352193261
