Model,AUC,PR-AUC,Recall,Precision,F1
Logistic-Baseline,0.972088,0.718935,0.918367,0.061017,0.114431
Logistic-L2,0.972088,0.718935,0.918367,0.061017,0.114431
Logistic-L1,0.97207,0.718934,0.918367,0.061017,0.114431
XGBoost,0.98595,0.856498,0.887755,0.557692,0.685039
