Model,AUC,PR-AUC,Recall,Precision,F1
XGBoost,0.9859501869121312,0.8564979811327577,0.8877551020408163,0.5576923076923077,0.6850393700787402
